{
    "root_group": {
        "name": "",
        "path": "",
        "id": "d41d8cd98f00b204e9800998ecf8427e",
        "groups": {},
        "checks": {}
    },
    "metrics": {
        "iteration_duration": {
            "avg": 18036.687067,
            "min": 18036.687067,
            "med": 18036.687067,
            "max": 18036.687067,
            "p(90)": 18036.687067,
            "p(95)": 18036.687067
        },
        "http_req_duration{expected_response:true}": {
            "med": 7.1798615,
            "max": 8.898084,
            "p(90)": 8.5544395,
            "p(95)": 8.72626175,
            "avg": 7.1798615,
            "min": 5.461639
        },
        "http_req_duration": {
            "p(90)": 10.894743,
            "p(95)": 11.322598499999998,
            "avg": 7.587535749999999,
            "min": 4.239966,
            "med": 7.1798615,
            "max": 11.750454
        },
        "vus": {
            "max": 1,
            "value": 1,
            "min": 1
        },
        "http_req_receiving": {
            "avg": 0.21025975000000002,
            "min": 0.098902,
            "med": 0.207258,
            "max": 0.327621,
            "p(90)": 0.2956536,
            "p(95)": 0.31163729999999995
        },
        "http_req_failed": {
            "passes": 2,
            "fails": 2,
            "value": 0.5
        },
        "http_req_tls_handshaking": {
            "avg": 0,
            "min": 0,
            "med": 0,
            "max": 0,
            "p(90)": 0,
            "p(95)": 0
        },
        "data_received": {
            "count": 12216,
            "rate": 677.2789517067603
        },
        "http_reqs": {
            "count": 4,
            "rate": 0.22176782963548144
        },
        "http_req_connecting": {
            "avg": 0.036986,
            "min": 0,
            "med": 0,
            "max": 0.147944,
            "p(90)": 0.10356080000000002,
            "p(95)": 0.12575239999999993
        },
        "vus_max": {
            "value": 1,
            "min": 1,
            "max": 1
        },
        "http_req_blocked": {
            "avg": 0.09676850000000001,
            "min": 0.008049,
            "med": 0.0126385,
            "max": 0.353748,
            "p(90)": 0.2519340000000001,
            "p(95)": 0.30284099999999986
        },
        "iterations": {
            "count": 1,
            "rate": 0.05544195740887036
        },
        "data_sent": {
            "count": 562,
            "rate": 31.158380063785142
        },
        "http_req_waiting": {
            "avg": 7.29858775,
            "min": 4.07711,
            "med": 6.9099395,
            "max": 11.297362,
            "p(90)": 10.4969461,
            "p(95)": 10.89715405
        },
        "http_req_sending": {
            "avg": 0.07868825,
            "min": 0.050006,
            "med": 0.069638,
            "max": 0.125471,
            "p(90)": 0.1104263,
            "p(95)": 0.11794864999999999
        }
    }
}