{
    "root_group": {
        "name": "",
        "path": "",
        "id": "d41d8cd98f00b204e9800998ecf8427e",
        "groups": {},
        "checks": {}
    },
    "metrics": {
        "http_req_receiving": {
            "max": 0.332099,
            "p(90)": 0.3035969,
            "p(95)": 0.31784794999999993,
            "avg": 0.21814024999999998,
            "min": 0.122329,
            "med": 0.2090665
        },
        "vus": {
            "value": 1,
            "min": 1,
            "max": 1
        },
        "http_req_waiting": {
            "min": 5.257027,
            "med": 7.9738215,
            "max": 10.708978,
            "p(90)": 10.5723295,
            "p(95)": 10.64065375,
            "avg": 7.978412
        },
        "http_req_failed": {
            "passes": 2,
            "fails": 2,
            "value": 0.5
        },
        "iterations": {
            "count": 1,
            "rate": 0.05543521683612345
        },
        "http_req_duration": {
            "min": 5.490349,
            "med": 8.211532,
            "max": 11.095543,
            "p(90)": 10.935870699999999,
            "p(95)": 11.015706849999999,
            "avg": 8.252239
        },
        "iteration_duration": {
            "avg": 18038.876853,
            "min": 18038.876853,
            "med": 18038.876853,
            "max": 18038.876853,
            "p(90)": 18038.876853,
            "p(95)": 18038.876853
        },
        "http_reqs": {
            "count": 4,
            "rate": 0.2217408673444938
        },
        "data_received": {
            "rate": 677.1966088700841,
            "count": 12216
        },
        "http_req_sending": {
            "avg": 0.05568675000000001,
            "min": 0.043273,
            "med": 0.053373500000000004,
            "max": 0.072727,
            "p(90)": 0.06724870000000001,
            "p(95)": 0.06998784999999999
        },
        "http_req_connecting": {
            "p(95)": 0.10295624999999996,
            "avg": 0.03028125,
            "min": 0,
            "med": 0,
            "max": 0.121125,
            "p(90)": 0.08478750000000002
        },
        "http_req_tls_handshaking": {
            "min": 0,
            "med": 0,
            "max": 0,
            "p(90)": 0,
            "p(95)": 0,
            "avg": 0
        },
        "data_sent": {
            "count": 562,
            "rate": 31.15459186190138
        },
        "http_req_blocked": {
            "avg": 0.07905525000000001,
            "min": 0.00599,
            "med": 0.009581,
            "max": 0.291069,
            "p(90)": 0.20693070000000008,
            "p(95)": 0.2489998499999999
        },
        "http_req_duration{expected_response:true}": {
            "avg": 8.4776525,
            "min": 5.859762,
            "med": 8.4776525,
            "max": 11.095543,
            "p(90)": 10.5719649,
            "p(95)": 10.833753949999998
        },
        "vus_max": {
            "value": 1,
            "min": 1,
            "max": 1
        }
    }
}