{
    "metrics": {
        "http_req_connecting": {
            "avg": 0.12434725,
            "min": 0,
            "med": 0.0690385,
            "max": 0.359312,
            "p(90)": 0.2929415000000001,
            "p(95)": 0.3261267499999999
        },
        "http_req_duration{expected_response:true}": {
            "max": 6.143013,
            "p(90)": 6.1123015,
            "p(95)": 6.1276572499999995,
            "avg": 5.9894555,
            "min": 5.835898,
            "med": 5.9894555
        },
        "data_received": {
            "count": 12216,
            "rate": 677.5420937424062
        },
        "http_reqs": {
            "count": 4,
            "rate": 0.2218539927119863
        },
        "http_req_blocked": {
            "avg": 0.22345725,
            "min": 0.006487,
            "med": 0.15933250000000002,
            "max": 0.568677,
            "p(90)": 0.4913811,
            "p(95)": 0.5300290499999999
        },
        "vus": {
            "value": 1,
            "min": 1,
            "max": 1
        },
        "http_req_failed": {
            "passes": 2,
            "fails": 2,
            "value": 0.5
        },
        "http_req_tls_handshaking": {
            "min": 0,
            "med": 0,
            "max": 0,
            "p(90)": 0,
            "p(95)": 0,
            "avg": 0
        },
        "http_req_waiting": {
            "med": 5.7831655,
            "max": 7.818268,
            "p(90)": 7.2612376,
            "p(95)": 7.539752799999999,
            "avg": 5.73591625,
            "min": 3.559066
        },
        "http_req_sending": {
            "avg": 0.08522025,
            "min": 0.031084,
            "med": 0.051833000000000004,
            "max": 0.206131,
            "p(90)": 0.16453570000000003,
            "p(95)": 0.18533334999999995
        },
        "http_req_receiving": {
            "p(90)": 0.1957364,
            "p(95)": 0.1959197,
            "avg": 0.17220225,
            "min": 0.147396,
            "med": 0.172655,
            "max": 0.196103
        },
        "vus_max": {
            "value": 1,
            "min": 1,
            "max": 1
        },
        "iteration_duration": {
            "p(95)": 18029.713131,
            "avg": 18029.713131,
            "min": 18029.713131,
            "med": 18029.713131,
            "max": 18029.713131,
            "p(90)": 18029.713131
        },
        "http_req_duration": {
            "avg": 5.9933387499999995,
            "min": 3.773942,
            "med": 5.9894555,
            "max": 8.220502,
            "p(90)": 7.5972553000000005,
            "p(95)": 7.908878649999999
        },
        "data_sent": {
            "count": 562,
            "rate": 31.170485976034076
        },
        "iterations": {
            "count": 1,
            "rate": 0.055463498177996576
        }
    },
    "root_group": {
        "checks": {},
        "name": "",
        "path": "",
        "id": "d41d8cd98f00b204e9800998ecf8427e",
        "groups": {}
    }
}