{
  "createdAt": "2026-03-23T18:45:04.411Z",
  "features": {
    "bpm": {
      "count": 200,
      "mu": 78.32717191544394,
      "nonZeroCount": 200,
      "sigma": 28.146051667951827
    },
    "energy": {
      "count": 200,
      "mu": 0.2647505218327401,
      "nonZeroCount": 200,
      "sigma": 0.00699642094407707
    },
    "inharmonicity": {
      "count": 200,
      "mu": 0.20822161557190205,
      "nonZeroCount": 200,
      "sigma": 0.046547066895477836
    },
    "lowFrequencyEnergyRatio": {
      "count": 200,
      "mu": 0.09828794691270282,
      "nonZeroCount": 200,
      "sigma": 0.0037778081264868814
    },
    "mfccMean1": {
      "count": 200,
      "mu": 18.03508499572493,
      "nonZeroCount": 200,
      "sigma": 1.3195299578411441
    },
    "mfccMean2": {
      "count": 200,
      "mu": 9.658962090873814,
      "nonZeroCount": 200,
      "sigma": 0.8264425033827346
    },
    "mfccMean3": {
      "count": 200,
      "mu": 6.923146850180676,
      "nonZeroCount": 200,
      "sigma": 1.1468469752208854
    },
    "mfccMean4": {
      "count": 200,
      "mu": 5.541554997935168,
      "nonZeroCount": 200,
      "sigma": 1.0703245438971707
    },
    "mfccMean5": {
      "count": 200,
      "mu": 4.161160869585986,
      "nonZeroCount": 200,
      "sigma": 0.8023196920220597
    },
    "pitchSalience": {
      "count": 200,
      "mu": 0.7917783844280986,
      "nonZeroCount": 200,
      "sigma": 0.04654706689547791
    },
    "rms": {
      "count": 200,
      "mu": 0.5144935313963116,
      "nonZeroCount": 200,
      "sigma": 0.006850400287042648
    },
    "spectralCentroid": {
      "count": 200,
      "mu": 0.4575787250752027,
      "nonZeroCount": 200,
      "sigma": 0.003394133648470596
    },
    "spectralCentroidStd": {
      "count": 200,
      "mu": 0.024118275826367736,
      "nonZeroCount": 197,
      "sigma": 0.0048350768446734005
    },
    "spectralContrastMean": {
      "count": 200,
      "mu": -1.5824465060601245,
      "nonZeroCount": 200,
      "sigma": 0.04054306004103624
    },
    "spectralCrest": {
      "count": 200,
      "mu": 12.697910424752624,
      "nonZeroCount": 200,
      "sigma": 1.0076587592738073
    },
    "spectralEntropy": {
      "count": 200,
      "mu": 9.700930323249402,
      "nonZeroCount": 200,
      "sigma": 0.018662342363841324
    },
    "spectralFlatnessDb": {
      "count": 200,
      "mu": 0.015525636902962965,
      "nonZeroCount": 200,
      "sigma": 0.0006600956953436127
    },
    "spectralFluxMean": {
      "count": 197,
      "mu": 0.31573218014031235,
      "nonZeroCount": 197,
      "sigma": 0.0094423965067272
    },
    "spectralHfc": {
      "count": 200,
      "mu": 450738381.1586459,
      "nonZeroCount": 200,
      "sigma": 18175100.995992005
    },
    "spectralRolloff": {
      "count": 200,
      "mu": 16722.740387581533,
      "nonZeroCount": 200,
      "sigma": 402.68564394533814
    },
    "zeroCrossingRate": {
      "count": 200,
      "mu": 0.33972543352048423,
      "nonZeroCount": 200,
      "sigma": 0.013876437251877932
    }
  },
  "featureSetVersion": "1.3.0",
  "renderEngine": "wasm"
}

