{
  "createdAt": "2026-03-23T19:34:58.742Z",
  "features": {
    "bpm": {
      "count": 200,
      "mu": 78.33033346634782,
      "nonZeroCount": 200,
      "sigma": 28.143859339807282
    },
    "energy": {
      "count": 200,
      "mu": 0.26424603433937893,
      "nonZeroCount": 200,
      "sigma": 0.011146562547164916
    },
    "inharmonicity": {
      "count": 200,
      "mu": 0.207868048033745,
      "nonZeroCount": 200,
      "sigma": 0.047150460058843886
    },
    "lowFrequencyEnergyRatio": {
      "count": 200,
      "mu": 0.09899262418025984,
      "nonZeroCount": 200,
      "sigma": 0.010170010568373663
    },
    "mfccMean1": {
      "count": 200,
      "mu": 18.134547794956116,
      "nonZeroCount": 200,
      "sigma": 1.8092530435106127
    },
    "mfccMean2": {
      "count": 200,
      "mu": 9.71866180903127,
      "nonZeroCount": 200,
      "sigma": 1.1156855688352747
    },
    "mfccMean3": {
      "count": 200,
      "mu": 6.9461685762922505,
      "nonZeroCount": 200,
      "sigma": 1.1411383443963778
    },
    "mfccMean4": {
      "count": 200,
      "mu": 5.560811261335293,
      "nonZeroCount": 200,
      "sigma": 1.0803803790768742
    },
    "mfccMean5": {
      "count": 200,
      "mu": 4.182947532447693,
      "nonZeroCount": 200,
      "sigma": 0.8694541592597996
    },
    "pitchSalience": {
      "count": 200,
      "mu": 0.7921319519662549,
      "nonZeroCount": 200,
      "sigma": 0.04715046005884388
    },
    "rms": {
      "count": 200,
      "mu": 0.5139113095581139,
      "nonZeroCount": 200,
      "sigma": 0.011882771042272472
    },
    "spectralCentroid": {
      "count": 200,
      "mu": 0.45711377378592827,
      "nonZeroCount": 200,
      "sigma": 0.007103423123625688
    },
    "spectralCentroidStd": {
      "count": 200,
      "mu": 0.024722832306153783,
      "nonZeroCount": 197,
      "sigma": 0.010128761970421056
    },
    "spectralContrastMean": {
      "count": 200,
      "mu": -1.583797474995717,
      "nonZeroCount": 200,
      "sigma": 0.0468716073085606
    },
    "spectralCrest": {
      "count": 200,
      "mu": 13.119185753647082,
      "nonZeroCount": 200,
      "sigma": 6.135390165923408
    },
    "spectralEntropy": {
      "count": 200,
      "mu": 9.695071916452356,
      "nonZeroCount": 200,
      "sigma": 0.08650895404325036
    },
    "spectralFlatnessDb": {
      "count": 200,
      "mu": 0.015807451258560166,
      "nonZeroCount": 200,
      "sigma": 0.004092387253141244
    },
    "spectralFluxMean": {
      "count": 197,
      "mu": 0.3164310408938903,
      "nonZeroCount": 197,
      "sigma": 0.014288009681242688
    },
    "spectralHfc": {
      "count": 200,
      "mu": 449470159.00745094,
      "nonZeroCount": 200,
      "sigma": 25772484.67060849
    },
    "spectralRolloff": {
      "count": 200,
      "mu": 16699.53836121434,
      "nonZeroCount": 200,
      "sigma": 509.1906040050473
    },
    "zeroCrossingRate": {
      "count": 200,
      "mu": 0.3389937202425807,
      "nonZeroCount": 200,
      "sigma": 0.018583335043533333
    }
  },
  "featureSetVersion": "1.3.0",
  "renderEngine": "wasm"
}

