{
  "createdAt": "2026-03-27T00:53:26.276Z",
  "features": {
    "bpm": {
      "count": 6500,
      "mu": 73.69619290290804,
      "nonZeroCount": 6500,
      "sigma": 15.220304501011514
    },
    "energy": {
      "count": 6500,
      "mu": 0.2618912055784782,
      "nonZeroCount": 6500,
      "sigma": 0.010941239290329401
    },
    "inharmonicity": {
      "count": 6500,
      "mu": 0.19720518483744737,
      "nonZeroCount": 6500,
      "sigma": 0.04437396164542645
    },
    "lowFrequencyEnergyRatio": {
      "count": 6500,
      "mu": 0.10042999228805298,
      "nonZeroCount": 6500,
      "sigma": 0.004686141878032228
    },
    "mfccMean1": {
      "count": 6500,
      "mu": 18.56767809925607,
      "nonZeroCount": 6500,
      "sigma": 1.3921748463361885
    },
    "mfccMean2": {
      "count": 6500,
      "mu": 10.101111933817913,
      "nonZeroCount": 6500,
      "sigma": 0.7671834904800614
    },
    "mfccMean3": {
      "count": 6500,
      "mu": 7.232733656035141,
      "nonZeroCount": 6500,
      "sigma": 0.9686494859565867
    },
    "mfccMean4": {
      "count": 6500,
      "mu": 5.861763221117082,
      "nonZeroCount": 6500,
      "sigma": 0.8491863496520123
    },
    "mfccMean5": {
      "count": 6500,
      "mu": 4.251687025642047,
      "nonZeroCount": 6500,
      "sigma": 0.8229052471479902
    },
    "pitchSalience": {
      "count": 6500,
      "mu": 0.8027948151625534,
      "nonZeroCount": 6500,
      "sigma": 0.044373961645426764
    },
    "rms": {
      "count": 6500,
      "mu": 0.5116102237053363,
      "nonZeroCount": 6500,
      "sigma": 0.012090681480093039
    },
    "spectralCentroid": {
      "count": 6500,
      "mu": 0.4567748823222886,
      "nonZeroCount": 6500,
      "sigma": 0.0040895109940288455
    },
    "spectralCentroidStd": {
      "count": 6500,
      "mu": 0.02523202107204754,
      "nonZeroCount": 6482,
      "sigma": 0.005388770632916154
    },
    "spectralContrastMean": {
      "count": 6500,
      "mu": -1.6518667925937007,
      "nonZeroCount": 6500,
      "sigma": 0.5192584947086928
    },
    "spectralCrest": {
      "count": 6500,
      "mu": 12.887991730850558,
      "nonZeroCount": 6500,
      "sigma": 1.7311805163315805
    },
    "spectralEntropy": {
      "count": 6500,
      "mu": 9.696839831975138,
      "nonZeroCount": 6500,
      "sigma": 0.04908268041366437
    },
    "spectralFlatnessDb": {
      "count": 6500,
      "mu": 0.01566065639048241,
      "nonZeroCount": 6500,
      "sigma": 0.004190815716069679
    },
    "spectralFluxMean": {
      "count": 6482,
      "mu": 0.3202351244176715,
      "nonZeroCount": 6482,
      "sigma": 0.011570749556515424
    },
    "spectralHfc": {
      "count": 6500,
      "mu": 446550416.1376194,
      "nonZeroCount": 6500,
      "sigma": 21715426.921258885
    },
    "spectralRolloff": {
      "count": 6500,
      "mu": 16636.641466137055,
      "nonZeroCount": 6500,
      "sigma": 442.6808407810169
    },
    "zeroCrossingRate": {
      "count": 6500,
      "mu": 0.33582915380013745,
      "nonZeroCount": 6500,
      "sigma": 0.013789071959764908
    }
  },
  "featureSetVersion": "1.3.0",
  "renderEngine": "wasm"
}

