{
  "createdAt": "2026-03-28T14:26:26.695Z",
  "features": {
    "bpm": {
      "count": 200,
      "mu": 73.29878785168208,
      "nonZeroCount": 200,
      "sigma": 4.946336150294206
    },
    "energy": {
      "count": 200,
      "mu": 0.26044010755867514,
      "nonZeroCount": 200,
      "sigma": 0.007892966751118306
    },
    "inharmonicity": {
      "count": 200,
      "mu": 0.17026030663439498,
      "nonZeroCount": 200,
      "sigma": 0.026593133572022035
    },
    "lowFrequencyEnergyRatio": {
      "count": 200,
      "mu": 0.1008701171165842,
      "nonZeroCount": 200,
      "sigma": 0.0030911957980777095
    },
    "mfccMean1": {
      "count": 200,
      "mu": 18.644784364302954,
      "nonZeroCount": 200,
      "sigma": 0.9616830730953961
    },
    "mfccMean2": {
      "count": 200,
      "mu": 10.415131544520461,
      "nonZeroCount": 200,
      "sigma": 0.51572913675645
    },
    "mfccMean3": {
      "count": 200,
      "mu": 7.304577630509933,
      "nonZeroCount": 200,
      "sigma": 0.5041653805372545
    },
    "mfccMean4": {
      "count": 200,
      "mu": 6.05555270108084,
      "nonZeroCount": 200,
      "sigma": 0.5343712875708273
    },
    "mfccMean5": {
      "count": 200,
      "mu": 4.019352174028757,
      "nonZeroCount": 200,
      "sigma": 0.6622727052704144
    },
    "pitchSalience": {
      "count": 200,
      "mu": 0.8297396933656052,
      "nonZeroCount": 200,
      "sigma": 0.026593133572022046
    },
    "rms": {
      "count": 200,
      "mu": 0.510270929647184,
      "nonZeroCount": 200,
      "sigma": 0.00798034558609272
    },
    "spectralCentroid": {
      "count": 200,
      "mu": 0.4575832555815577,
      "nonZeroCount": 200,
      "sigma": 0.0030720797409880376
    },
    "spectralCentroidStd": {
      "count": 200,
      "mu": 0.02536269849114068,
      "nonZeroCount": 200,
      "sigma": 0.0037170207848017047
    },
    "spectralContrastMean": {
      "count": 200,
      "mu": -1.6166331375468586,
      "nonZeroCount": 200,
      "sigma": 0.17274117484054896
    },
    "spectralCrest": {
      "count": 200,
      "mu": 13.229184973587595,
      "nonZeroCount": 200,
      "sigma": 0.8222094955440262
    },
    "spectralEntropy": {
      "count": 200,
      "mu": 9.698409568866095,
      "nonZeroCount": 200,
      "sigma": 0.009925823719192437
    },
    "spectralFlatnessDb": {
      "count": 200,
      "mu": 0.01558157484124725,
      "nonZeroCount": 200,
      "sigma": 0.00031103413514102843
    },
    "spectralFluxMean": {
      "count": 200,
      "mu": 0.3224175651821204,
      "nonZeroCount": 200,
      "sigma": 0.005167713886868538
    },
    "spectralHfc": {
      "count": 200,
      "mu": 448218609.45773435,
      "nonZeroCount": 200,
      "sigma": 9877000.372885745
    },
    "spectralRolloff": {
      "count": 200,
      "mu": 16651.85476684568,
      "nonZeroCount": 200,
      "sigma": 393.642045079715
    },
    "zeroCrossingRate": {
      "count": 200,
      "mu": 0.3349434994580262,
      "nonZeroCount": 200,
      "sigma": 0.007533630812893254
    }
  },
  "featureSetVersion": "1.3.0",
  "renderEngine": "wasm"
}

