{
  "createdAt": "2026-03-23T23:16:14.234Z",
  "features": {
    "bpm": {
      "count": 1500,
      "mu": 73.62326259996388,
      "nonZeroCount": 1500,
      "sigma": 6.835046101512457
    },
    "energy": {
      "count": 1500,
      "mu": 0.25962010758135606,
      "nonZeroCount": 1500,
      "sigma": 0.01481193292055833
    },
    "inharmonicity": {
      "count": 1500,
      "mu": 0.17090786125004914,
      "nonZeroCount": 1500,
      "sigma": 0.02963644340721421
    },
    "lowFrequencyEnergyRatio": {
      "count": 1500,
      "mu": 0.10084640351353161,
      "nonZeroCount": 1500,
      "sigma": 0.004555420490951958
    },
    "mfccMean1": {
      "count": 1500,
      "mu": 18.55670466036501,
      "nonZeroCount": 1500,
      "sigma": 1.0553460526760612
    },
    "mfccMean2": {
      "count": 1500,
      "mu": 10.351536083424184,
      "nonZeroCount": 1500,
      "sigma": 0.6240870282170398
    },
    "mfccMean3": {
      "count": 1500,
      "mu": 7.282870246345227,
      "nonZeroCount": 1500,
      "sigma": 0.739326772008058
    },
    "mfccMean4": {
      "count": 1500,
      "mu": 6.009994804606161,
      "nonZeroCount": 1500,
      "sigma": 0.6695113717375092
    },
    "mfccMean5": {
      "count": 1500,
      "mu": 4.024365582961494,
      "nonZeroCount": 1500,
      "sigma": 0.747535172291466
    },
    "pitchSalience": {
      "count": 1500,
      "mu": 0.8290921387499514,
      "nonZeroCount": 1500,
      "sigma": 0.029636443407214202
    },
    "rms": {
      "count": 1500,
      "mu": 0.5092285197995906,
      "nonZeroCount": 1500,
      "sigma": 0.017504919425001507
    },
    "spectralCentroid": {
      "count": 1500,
      "mu": 0.4576298165325735,
      "nonZeroCount": 1500,
      "sigma": 0.0031464289719295418
    },
    "spectralCentroidStd": {
      "count": 1500,
      "mu": 0.025330705900714495,
      "nonZeroCount": 1500,
      "sigma": 0.005397453380914253
    },
    "spectralContrastMean": {
      "count": 1500,
      "mu": -1.636144959028471,
      "nonZeroCount": 1500,
      "sigma": 0.44845017897681944
    },
    "spectralCrest": {
      "count": 1500,
      "mu": 13.32881689344751,
      "nonZeroCount": 1500,
      "sigma": 1.9539236284591048
    },
    "spectralEntropy": {
      "count": 1500,
      "mu": 9.695023659400784,
      "nonZeroCount": 1500,
      "sigma": 0.06318628840718216
    },
    "spectralFlatnessDb": {
      "count": 1500,
      "mu": 0.01584235335683785,
      "nonZeroCount": 1500,
      "sigma": 0.007585107887980541
    },
    "spectralFluxMean": {
      "count": 1500,
      "mu": 0.322334456103166,
      "nonZeroCount": 1500,
      "sigma": 0.0071007823627029214
    },
    "spectralHfc": {
      "count": 1500,
      "mu": 446786633.6182573,
      "nonZeroCount": 1500,
      "sigma": 23029177.761333566
    },
    "spectralRolloff": {
      "count": 1500,
      "mu": 16670.01555319393,
      "nonZeroCount": 1500,
      "sigma": 374.5035096625559
    },
    "zeroCrossingRate": {
      "count": 1500,
      "mu": 0.33465292668956415,
      "nonZeroCount": 1500,
      "sigma": 0.01268678949172854
    }
  },
  "featureSetVersion": "1.3.0",
  "renderEngine": "wasm"
}

