{
  "createdAt": "2026-03-27T00:10:35.848Z",
  "features": {
    "bpm": {
      "count": 20,
      "mu": 74.22153354232651,
      "nonZeroCount": 20,
      "sigma": 4.7220912342065535
    },
    "energy": {
      "count": 20,
      "mu": 0.26018070674373633,
      "nonZeroCount": 20,
      "sigma": 0.0054936840211141065
    },
    "inharmonicity": {
      "count": 20,
      "mu": 0.15764082465878468,
      "nonZeroCount": 20,
      "sigma": 0.010416123407370513
    },
    "lowFrequencyEnergyRatio": {
      "count": 20,
      "mu": 0.10082584233785849,
      "nonZeroCount": 20,
      "sigma": 0.002611448112581616
    },
    "mfccMean1": {
      "count": 20,
      "mu": 18.467040570576984,
      "nonZeroCount": 20,
      "sigma": 0.8360829391425885
    },
    "mfccMean2": {
      "count": 20,
      "mu": 10.486054956912994,
      "nonZeroCount": 20,
      "sigma": 0.47273751990435464
    },
    "mfccMean3": {
      "count": 20,
      "mu": 7.307855637868245,
      "nonZeroCount": 20,
      "sigma": 0.36326690991332267
    },
    "mfccMean4": {
      "count": 20,
      "mu": 6.278282753129801,
      "nonZeroCount": 20,
      "sigma": 0.4044827587032208
    },
    "mfccMean5": {
      "count": 20,
      "mu": 3.9147808899482093,
      "nonZeroCount": 20,
      "sigma": 0.4182662565446031
    },
    "pitchSalience": {
      "count": 20,
      "mu": 0.8423591753412153,
      "nonZeroCount": 20,
      "sigma": 0.01041612340737047
    },
    "rms": {
      "count": 20,
      "mu": 0.5100499676886129,
      "nonZeroCount": 20,
      "sigma": 0.005453182977057389
    },
    "spectralCentroid": {
      "count": 20,
      "mu": 0.45849356527129814,
      "nonZeroCount": 20,
      "sigma": 0.0029859231203838515
    },
    "spectralCentroidStd": {
      "count": 20,
      "mu": 0.025218211278381582,
      "nonZeroCount": 20,
      "sigma": 0.0032587927073132027
    },
    "spectralContrastMean": {
      "count": 20,
      "mu": -1.6069719130794207,
      "nonZeroCount": 20,
      "sigma": 0.0978124539572449
    },
    "spectralCrest": {
      "count": 20,
      "mu": 13.450263652205466,
      "nonZeroCount": 20,
      "sigma": 0.45788460515149293
    },
    "spectralEntropy": {
      "count": 20,
      "mu": 9.697833563884101,
      "nonZeroCount": 20,
      "sigma": 0.0051139228976885736
    },
    "spectralFlatnessDb": {
      "count": 20,
      "mu": 0.015627408184809614,
      "nonZeroCount": 20,
      "sigma": 0.0002259199478405016
    },
    "spectralFluxMean": {
      "count": 20,
      "mu": 0.3213007345770025,
      "nonZeroCount": 20,
      "sigma": 0.0025467860846731145
    },
    "spectralHfc": {
      "count": 20,
      "mu": 449297316.64166665,
      "nonZeroCount": 20,
      "sigma": 5967307.420215288
    },
    "spectralRolloff": {
      "count": 20,
      "mu": 16721.47430419922,
      "nonZeroCount": 20,
      "sigma": 442.5879131266505
    },
    "zeroCrossingRate": {
      "count": 20,
      "mu": 0.3345037037037037,
      "nonZeroCount": 20,
      "sigma": 0.005242492803595749
    }
  },
  "featureSetVersion": "1.3.0",
  "renderEngine": "wasm"
}

