{
  "createdAt": "2026-04-07T10:51:24.071Z",
  "features": {
    "bpm": {
      "count": 87073,
      "mu": 74.48984743328975,
      "nonZeroCount": 87073,
      "sigma": 13.574781449608858
    },
    "dynamicRange": {
      "count": 87073,
      "mu": 0.845047069394903,
      "nonZeroCount": 87046,
      "sigma": 0.14323006788111786
    },
    "energy": {
      "count": 87073,
      "mu": 0.2604054350734567,
      "nonZeroCount": 87073,
      "sigma": 0.01452458781088323
    },
    "inharmonicity": {
      "count": 87073,
      "mu": 0.18069554356469944,
      "nonZeroCount": 87060,
      "sigma": 0.041440648276915334
    },
    "lowFrequencyEnergyRatio": {
      "count": 87073,
      "mu": 0.10090263891322873,
      "nonZeroCount": 87073,
      "sigma": 0.00592950008853635
    },
    "mfccMean1": {
      "count": 87073,
      "mu": 18.73358923544641,
      "nonZeroCount": 87073,
      "sigma": 1.671236017157091
    },
    "mfccMean2": {
      "count": 87073,
      "mu": 10.308470738334222,
      "nonZeroCount": 87073,
      "sigma": 0.7653955791042143
    },
    "mfccMean3": {
      "count": 87073,
      "mu": 7.250061447174117,
      "nonZeroCount": 87073,
      "sigma": 0.8560388569570331
    },
    "mfccMean4": {
      "count": 87073,
      "mu": 5.913675678742067,
      "nonZeroCount": 87073,
      "sigma": 0.7574540066888902
    },
    "mfccMean5": {
      "count": 87073,
      "mu": 4.073993795425577,
      "nonZeroCount": 87073,
      "sigma": 0.7397640771285515
    },
    "onsetDensity": {
      "count": 87073,
      "mu": 1.8132102663411342,
      "nonZeroCount": 86750,
      "sigma": 0.16602157951168942
    },
    "pitchSalience": {
      "count": 87073,
      "mu": 0.8193044564352977,
      "nonZeroCount": 87073,
      "sigma": 0.0414406482769153
    },
    "rhythmicRegularity": {
      "count": 87073,
      "mu": 0.6099009376319385,
      "nonZeroCount": 82397,
      "sigma": 0.14981038795556403
    },
    "rms": {
      "count": 87073,
      "mu": 0.5100162956726939,
      "nonZeroCount": 87073,
      "sigma": 0.016994505634471364
    },
    "spectralCentroid": {
      "count": 87073,
      "mu": 0.457001731138808,
      "nonZeroCount": 87073,
      "sigma": 0.004861862822201942
    },
    "spectralCentroidStd": {
      "count": 87073,
      "mu": 0.02575190904637666,
      "nonZeroCount": 86826,
      "sigma": 0.005406326711125788
    },
    "spectralContrastMean": {
      "count": 87066,
      "mu": -1.6284054361275673,
      "nonZeroCount": 87066,
      "sigma": 0.4057762780229859
    },
    "spectralCrest": {
      "count": 87073,
      "mu": 13.264208154248328,
      "nonZeroCount": 87073,
      "sigma": 1.4408268573965486
    },
    "spectralEntropy": {
      "count": 87073,
      "mu": 9.695359475745391,
      "nonZeroCount": 87073,
      "sigma": 0.03644093087014806
    },
    "spectralFlatnessDb": {
      "count": 87073,
      "mu": 0.015692818842390183,
      "nonZeroCount": 87073,
      "sigma": 0.0017915932092384846
    },
    "spectralFluxMean": {
      "count": 87073,
      "mu": 0.3189745858983254,
      "nonZeroCount": 86826,
      "sigma": 0.019050502227780437
    },
    "spectralHfc": {
      "count": 87073,
      "mu": 446577517.8489173,
      "nonZeroCount": 87073,
      "sigma": 26284745.777258173
    },
    "spectralRolloff": {
      "count": 87073,
      "mu": 16606.930829804645,
      "nonZeroCount": 87073,
      "sigma": 431.8815368258736
    },
    "zeroCrossingRate": {
      "count": 87073,
      "mu": 0.3348938745121711,
      "nonZeroCount": 87062,
      "sigma": 0.012438308687674714
    }
  },
  "featureSetVersion": "1.3.0",
  "renderEngine": "wasm"
}

