{
  "createdAt": "2026-03-28T23:27:49.669Z",
  "features": {
    "bpm": {
      "count": 58745,
      "mu": 74.67247804976654,
      "nonZeroCount": 58745,
      "sigma": 13.473514984878891
    },
    "energy": {
      "count": 58745,
      "mu": 0.26000415142617284,
      "nonZeroCount": 58745,
      "sigma": 0.01529966087935397
    },
    "inharmonicity": {
      "count": 58745,
      "mu": 0.17753782276370833,
      "nonZeroCount": 58736,
      "sigma": 0.04017181295546212
    },
    "lowFrequencyEnergyRatio": {
      "count": 58745,
      "mu": 0.10095588992000748,
      "nonZeroCount": 58745,
      "sigma": 0.006316718056569259
    },
    "mfccMean1": {
      "count": 58745,
      "mu": 18.732144801305186,
      "nonZeroCount": 58745,
      "sigma": 1.771665838222747
    },
    "mfccMean2": {
      "count": 58745,
      "mu": 10.324780801504883,
      "nonZeroCount": 58745,
      "sigma": 0.7789366875433013
    },
    "mfccMean3": {
      "count": 58745,
      "mu": 7.252097785401109,
      "nonZeroCount": 58745,
      "sigma": 0.833871463907474
    },
    "mfccMean4": {
      "count": 58745,
      "mu": 5.925852713942154,
      "nonZeroCount": 58745,
      "sigma": 0.7524618954003142
    },
    "mfccMean5": {
      "count": 58745,
      "mu": 4.056265693444481,
      "nonZeroCount": 58745,
      "sigma": 0.7243655238531446
    },
    "pitchSalience": {
      "count": 58745,
      "mu": 0.82246217723629,
      "nonZeroCount": 58745,
      "sigma": 0.040171812955462426
    },
    "rms": {
      "count": 58745,
      "mu": 0.5095873197903685,
      "nonZeroCount": 58745,
      "sigma": 0.018025396945547587
    },
    "spectralCentroid": {
      "count": 58745,
      "mu": 0.4570744401230588,
      "nonZeroCount": 58745,
      "sigma": 0.005123606265854895
    },
    "spectralCentroidStd": {
      "count": 58745,
      "mu": 0.025804471490461223,
      "nonZeroCount": 58573,
      "sigma": 0.0055418289538290534
    },
    "spectralContrastMean": {
      "count": 58738,
      "mu": -1.6281624042389624,
      "nonZeroCount": 58738,
      "sigma": 0.3983937621415713
    },
    "spectralCrest": {
      "count": 58745,
      "mu": 13.320401862303052,
      "nonZeroCount": 58745,
      "sigma": 1.4390111356261535
    },
    "spectralEntropy": {
      "count": 58745,
      "mu": 9.695037298538384,
      "nonZeroCount": 58745,
      "sigma": 0.03666220206618078
    },
    "spectralFlatnessDb": {
      "count": 58745,
      "mu": 0.015704928276186258,
      "nonZeroCount": 58745,
      "sigma": 0.0014975385511024715
    },
    "spectralFluxMean": {
      "count": 58573,
      "mu": 0.3201031944914862,
      "nonZeroCount": 58573,
      "sigma": 0.008323851205439204
    },
    "spectralHfc": {
      "count": 58745,
      "mu": 446424704.98805153,
      "nonZeroCount": 58745,
      "sigma": 27495662.889814436
    },
    "spectralRolloff": {
      "count": 58745,
      "mu": 16608.690335643067,
      "nonZeroCount": 58745,
      "sigma": 439.9737701362378
    },
    "zeroCrossingRate": {
      "count": 58745,
      "mu": 0.3348074349752174,
      "nonZeroCount": 58735,
      "sigma": 0.012532915910113787
    }
  },
  "featureSetVersion": "1.3.0",
  "renderEngine": "wasm"
}

