{
  "createdAt": "2026-03-24T09:14:54.465Z",
  "features": {
    "bpm": {
      "count": 659,
      "mu": 79.22663974464635,
      "nonZeroCount": 659,
      "sigma": 30.281229629026885
    },
    "energy": {
      "count": 659,
      "mu": 0.2625743709185436,
      "nonZeroCount": 659,
      "sigma": 0.011251837880457829
    },
    "inharmonicity": {
      "count": 659,
      "mu": 0.21620599723791975,
      "nonZeroCount": 659,
      "sigma": 0.06420224200650894
    },
    "lowFrequencyEnergyRatio": {
      "count": 659,
      "mu": 0.09974460817522222,
      "nonZeroCount": 659,
      "sigma": 0.0056845442834874095
    },
    "mfccMean1": {
      "count": 659,
      "mu": 18.3789887320347,
      "nonZeroCount": 659,
      "sigma": 1.8345802872746624
    },
    "mfccMean2": {
      "count": 659,
      "mu": 9.82879962976252,
      "nonZeroCount": 659,
      "sigma": 1.2929564381574645
    },
    "mfccMean3": {
      "count": 659,
      "mu": 7.068597841255006,
      "nonZeroCount": 659,
      "sigma": 1.5179769538057624
    },
    "mfccMean4": {
      "count": 659,
      "mu": 5.722232191179656,
      "nonZeroCount": 659,
      "sigma": 1.209969340351837
    },
    "mfccMean5": {
      "count": 659,
      "mu": 4.385206213982548,
      "nonZeroCount": 659,
      "sigma": 1.1243711840209518
    },
    "pitchSalience": {
      "count": 659,
      "mu": 0.7837940027620798,
      "nonZeroCount": 659,
      "sigma": 0.06420224200650891
    },
    "rms": {
      "count": 659,
      "mu": 0.5122808456749681,
      "nonZeroCount": 659,
      "sigma": 0.011945964719667832
    },
    "spectralCentroid": {
      "count": 659,
      "mu": 0.4565852854702713,
      "nonZeroCount": 659,
      "sigma": 0.004732730752610538
    },
    "spectralCentroidStd": {
      "count": 659,
      "mu": 0.024815876148262882,
      "nonZeroCount": 643,
      "sigma": 0.006738387191204633
    },
    "spectralContrastMean": {
      "count": 659,
      "mu": -1.6225361302973453,
      "nonZeroCount": 659,
      "sigma": 0.3916366207172638
    },
    "spectralCrest": {
      "count": 659,
      "mu": 12.610651751386042,
      "nonZeroCount": 659,
      "sigma": 1.4063352780010734
    },
    "spectralEntropy": {
      "count": 659,
      "mu": 9.700985087348487,
      "nonZeroCount": 659,
      "sigma": 0.025217719363773334
    },
    "spectralFlatnessDb": {
      "count": 659,
      "mu": 0.015436458746313103,
      "nonZeroCount": 659,
      "sigma": 0.0008085608606069988
    },
    "spectralFluxMean": {
      "count": 643,
      "mu": 0.31720302153428304,
      "nonZeroCount": 643,
      "sigma": 0.012987514685967181
    },
    "spectralHfc": {
      "count": 659,
      "mu": 441578123.77614635,
      "nonZeroCount": 659,
      "sigma": 45928273.3791093
    },
    "spectralRolloff": {
      "count": 659,
      "mu": 16609.146274856615,
      "nonZeroCount": 659,
      "sigma": 504.4383214034958
    },
    "zeroCrossingRate": {
      "count": 659,
      "mu": 0.33671211110481775,
      "nonZeroCount": 659,
      "sigma": 0.017504441810861797
    }
  },
  "featureSetVersion": "1.3.0",
  "renderEngine": "wasm"
}

