{
  "createdAt": "2026-03-27T16:41:18.460Z",
  "features": {
    "bpm": {
      "count": 8200,
      "mu": 74.18211527642384,
      "nonZeroCount": 8200,
      "sigma": 17.811978607193197
    },
    "energy": {
      "count": 8200,
      "mu": 0.2608977984589833,
      "nonZeroCount": 8163,
      "sigma": 0.020615729425566023
    },
    "inharmonicity": {
      "count": 8200,
      "mu": 0.20486539829599634,
      "nonZeroCount": 8200,
      "sigma": 0.07130953077717046
    },
    "lowFrequencyEnergyRatio": {
      "count": 8200,
      "mu": 0.09992543692575576,
      "nonZeroCount": 8163,
      "sigma": 0.008284162137308999
    },
    "mfccMean1": {
      "count": 8200,
      "mu": 18.495802769740987,
      "nonZeroCount": 8200,
      "sigma": 1.9364646363737945
    },
    "mfccMean2": {
      "count": 8200,
      "mu": 10.011664810478688,
      "nonZeroCount": 8200,
      "sigma": 1.071993414704877
    },
    "mfccMean3": {
      "count": 8200,
      "mu": 7.182233760850982,
      "nonZeroCount": 8200,
      "sigma": 1.1550368766410897
    },
    "mfccMean4": {
      "count": 8200,
      "mu": 5.80929055964796,
      "nonZeroCount": 8200,
      "sigma": 0.9837121946853201
    },
    "mfccMean5": {
      "count": 8200,
      "mu": 4.258409071623442,
      "nonZeroCount": 8200,
      "sigma": 0.892073658900523
    },
    "pitchSalience": {
      "count": 8200,
      "mu": 0.7951346017040045,
      "nonZeroCount": 8163,
      "sigma": 0.07130953077717073
    },
    "rms": {
      "count": 8200,
      "mu": 0.5094919032412508,
      "nonZeroCount": 8163,
      "sigma": 0.036273943686761366
    },
    "spectralCentroid": {
      "count": 8200,
      "mu": 0.45456163438419966,
      "nonZeroCount": 8163,
      "sigma": 0.030900647873681603
    },
    "spectralCentroidStd": {
      "count": 8200,
      "mu": 0.02512133836425888,
      "nonZeroCount": 8121,
      "sigma": 0.0058585890873807285
    },
    "spectralContrastMean": {
      "count": 8200,
      "mu": -1.6441593864078414,
      "nonZeroCount": 8200,
      "sigma": 0.5033212697694397
    },
    "spectralCrest": {
      "count": 8200,
      "mu": 12.78315661309976,
      "nonZeroCount": 8163,
      "sigma": 1.8742139596002534
    },
    "spectralEntropy": {
      "count": 8200,
      "mu": 9.65334757320685,
      "nonZeroCount": 8163,
      "sigma": 0.6514999928228552
    },
    "spectralFlatnessDb": {
      "count": 8200,
      "mu": 0.020077756133448272,
      "nonZeroCount": 8200,
      "sigma": 0.0660798549939255
    },
    "spectralFluxMean": {
      "count": 8158,
      "mu": 0.318107998877452,
      "nonZeroCount": 8121,
      "sigma": 0.024522862079562783
    },
    "spectralHfc": {
      "count": 8200,
      "mu": 443783907.83799475,
      "nonZeroCount": 8163,
      "sigma": 38908620.60382345
    },
    "spectralRolloff": {
      "count": 8200,
      "mu": 16549.973192531415,
      "nonZeroCount": 8163,
      "sigma": 1204.070422689807
    },
    "zeroCrossingRate": {
      "count": 8200,
      "mu": 0.3343321486360516,
      "nonZeroCount": 8163,
      "sigma": 0.026659119054467745
    }
  },
  "featureSetVersion": "1.3.0",
  "renderEngine": "wasm"
}

