{
  "sid_path": "MUSICIANS/A/Artist/ambient-1.sid",
  "ratings": {
    "c": 2,
    "e": 2,
    "m": 4
  },
  "features": {
    "featureSetVersion": "1.2.0",
    "bpm": 88,
    "rms": 0.11,
    "energy": 0.025,
    "spectralCentroid": 720,
    "spectralCentroidStd": 110,
    "spectralRolloff": 2100,
    "spectralFlatnessDb": 0.18,
    "spectralEntropy": 5.2,
    "spectralCrest": 16,
    "spectralHfc": 1100,
    "zeroCrossingRate": 0.035,
    "spectralContrastMean": 0.82,
    "mfccMean1": -42,
    "mfccMean2": -11,
    "mfccMean3": 4,
    "mfccMean4": 1,
    "mfccMean5": -2,
    "onsetDensity": 1.1,
    "rhythmicRegularity": 0.78,
    "spectralFluxMean": 0.14,
    "dynamicRange": 0.41,
    "pitchSalience": 0.84,
    "inharmonicity": 0.18,
    "lowFrequencyEnergyRatio": 0.31
  },
  "vector": [
    0.3115254858079175,
    0.30377255603329273,
    0.30707134894039106,
    0.3068934974152172,
    0.31,
    0.30762089304468554,
    0.8300000000000001,
    0.24188627801664636,
    0.29905584438350535,
    0.31081733253878346,
    0.78,
    0.3143010956211312,
    0.41,
    0.3027462241369538,
    -0.4129861808828674,
    -0.39969316034876495,
    -0.4313310928137537,
    0.18144368465060579,
    -0.4031385986046347,
    0.30575442148703724,
    0.7578596495011016,
    0.2852961124301057,
    0.49383815799716896,
    0.3218395735137301
  ]
}
