{
  "means": {
    "energy": 0.4266666666666667,
    "rms": 0.15333333333333332,
    "spectralCentroid": 2133.3333333333335,
    "spectralRolloff": 0,
    "zeroCrossingRate": 0,
    "bpm": 121.33333333333333,
    "confidence": 0,
    "duration": 0
  },
  "stds": {
    "energy": 0.25006665778014736,
    "rms": 0.06506407098647712,
    "spectralCentroid": 275.3785273643051,
    "spectralRolloff": 1,
    "zeroCrossingRate": 1,
    "bpm": 22.744962812309307,
    "confidence": 1,
    "duration": 1
  },
  "featureNames": [
    "energy",
    "rms",
    "spectralCentroid",
    "spectralRolloff",
    "zeroCrossingRate",
    "bpm",
    "confidence",
    "duration"
  ],
  "version": "2025-11-03"
}