{
    "metrics": {
        "http_req_blocked": {
            "p(90)": 0.23902520000000005,
            "p(95)": 0.28850509999999985,
            "avg": 0.08939525,
            "min": 0.005274,
            "med": 0.007161,
            "max": 0.337985
        },
        "iterations": {
            "count": 1,
            "rate": 0.05539577933113639
        },
        "vus_max": {
            "min": 1,
            "max": 1,
            "value": 1
        },
        "http_req_tls_handshaking": {
            "avg": 0,
            "min": 0,
            "med": 0,
            "max": 0,
            "p(90)": 0,
            "p(95)": 0
        },
        "http_req_waiting": {
            "avg": 10.34735125,
            "min": 6.182064,
            "med": 8.585831500000001,
            "max": 18.035678,
            "p(90)": 15.741224900000002,
            "p(95)": 16.888451449999998
        },
        "http_req_receiving": {
            "max": 0.283301,
            "p(90)": 0.2581469,
            "p(95)": 0.27072395,
            "avg": 0.19206800000000002,
            "min": 0.132862,
            "med": 0.1760545
        },
        "http_req_sending": {
            "med": 0.046019500000000005,
            "max": 0.083676,
            "p(90)": 0.0786969,
            "p(95)": 0.08118645,
            "avg": 0.04994925,
            "min": 0.024082
        },
        "data_received": {
            "count": 12216,
            "rate": 676.7148403091621
        },
        "iteration_duration": {
            "avg": 18051.764529,
            "min": 18051.764529,
            "med": 18051.764529,
            "max": 18051.764529,
            "p(90)": 18051.764529,
            "p(95)": 18051.764529
        },
        "http_req_duration{expected_response:true}": {
            "max": 18.192622,
            "p(90)": 17.0093277,
            "p(95)": 17.60097485,
            "avg": 12.2761505,
            "min": 6.359679,
            "med": 12.2761505
        },
        "http_reqs": {
            "count": 4,
            "rate": 0.22158311732454555
        },
        "http_req_connecting": {
            "avg": 0.04018075,
            "min": 0,
            "med": 0,
            "max": 0.160723,
            "p(90)": 0.11250610000000003,
            "p(95)": 0.13661454999999995
        },
        "data_sent": {
            "count": 562,
            "rate": 31.132427984098648
        },
        "http_req_duration": {
            "p(95)": 17.061833799999995,
            "avg": 10.589368499999999,
            "min": 6.359679,
            "med": 8.9025865,
            "max": 18.192622,
            "p(90)": 15.931045600000001
        },
        "http_req_failed": {
            "fails": 2,
            "passes": 2,
            "thresholds": {
                "rate<0.05": true
            },
            "value": 0.5
        },
        "vus": {
            "value": 1,
            "min": 1,
            "max": 1
        }
    },
    "root_group": {
        "path": "",
        "id": "d41d8cd98f00b204e9800998ecf8427e",
        "groups": {},
        "checks": {},
        "name": ""
    }
}