{
    "root_group": {
        "groups": {},
        "checks": {},
        "name": "",
        "path": "",
        "id": "d41d8cd98f00b204e9800998ecf8427e"
    },
    "metrics": {
        "http_req_blocked": {
            "max": 0.281411,
            "p(90)": 0.27878060000000005,
            "p(95)": 0.2800958,
            "avg": 0.14511575000000002,
            "min": 0.007425,
            "med": 0.1458135
        },
        "iteration_duration": {
            "avg": 18035.96535,
            "min": 18035.96535,
            "med": 18035.96535,
            "max": 18035.96535,
            "p(90)": 18035.96535,
            "p(95)": 18035.96535
        },
        "http_req_tls_handshaking": {
            "avg": 0,
            "min": 0,
            "med": 0,
            "max": 0,
            "p(90)": 0,
            "p(95)": 0
        },
        "http_req_sending": {
            "avg": 0.06331200000000001,
            "min": 0.035855,
            "med": 0.064678,
            "max": 0.088037,
            "p(90)": 0.0874634,
            "p(95)": 0.0877502
        },
        "http_req_failed": {
            "passes": 2,
            "fails": 2,
            "value": 0.5
        },
        "http_req_duration": {
            "max": 11.437553,
            "p(90)": 11.0354084,
            "p(95)": 11.2364807,
            "avg": 7.33718075,
            "min": 3.439591,
            "med": 7.235789499999999
        },
        "http_req_waiting": {
            "max": 11.090037,
            "p(90)": 10.7075931,
            "p(95)": 10.89881505,
            "avg": 7.071922750000001,
            "min": 3.19742,
            "med": 7.000117
        },
        "data_sent": {
            "count": 562,
            "rate": 31.159633459096423
        },
        "data_received": {
            "count": 12216,
            "rate": 677.3061963279749
        },
        "vus_max": {
            "value": 1,
            "min": 1,
            "max": 1
        },
        "iterations": {
            "rate": 0.055444187649637766,
            "count": 1
        },
        "http_req_connecting": {
            "min": 0,
            "med": 0.0636315,
            "max": 0.189138,
            "p(90)": 0.1705755,
            "p(95)": 0.17985674999999998,
            "avg": 0.07910025
        },
        "http_req_duration{expected_response:true}": {
            "avg": 7.9060305,
            "min": 4.374508,
            "med": 7.9060305,
            "max": 11.437553,
            "p(90)": 10.7312485,
            "p(95)": 11.08440075
        },
        "vus": {
            "min": 1,
            "max": 1,
            "value": 1
        },
        "http_reqs": {
            "count": 4,
            "rate": 0.22177675059855106
        },
        "http_req_receiving": {
            "avg": 0.20194600000000001,
            "min": 0.153643,
            "med": 0.197331,
            "max": 0.259479,
            "p(90)": 0.2413173,
            "p(95)": 0.25039815
        }
    }
}